{
  "classical": {
    "roc_auc": 0.9230428571428572,
    "threshold": 6.7443374973663595e-06,
    "tpr": 0.88,
    "fpr": 0.0,
    "precision": 0.2222222222222222,
    "recall": 1.0,
    "f1": 0.36363636363636365
  },
  "quantum": {
    "roc_auc": 0.9913714285714285,
    "threshold": 6.7443374973663595e-06,
    "tpr": 0.97,
    "fpr": 0.0,
    "precision": 1.0,
    "recall": 0.965,
    "f1": 0.9821882951653944
  }
}